{"cameraMode":{"drawMode":0,"name":"Shaded","section":"Shading Mode"},"sceneLighting":true,"audioPlay":false,"sceneViewState":{"showFog":true,"showMaterialUpdate":false,"showSkybox":true,"showFlares":true,"showImageEffects":true,"showParticleSystems":true},"in2DMode":false,"pivot":{"x":0.0,"y":0.009365752339363099,"z":3.725290298461914e-9},"rotation":{"x":0.00009466804476687685,"y":0.9998887777328491,"z":0.013189752586185933,"w":-0.0071984403766691689},"size":0.014775288291275502,"orthographic":false}